document_id,clean_text,sentiment
1,storylin weak perform decent,negative
2,storylin weak perform decent,negative
3,fantast direct brilliant cinematographi,positive
4,one best movi,neutral
5,storylin weak perform decent,negative
6,movi absolut amaz visual stun,neutral
7,enjoy pace film,neutral
8,one best movi,neutral
9,movi absolut amaz visual stun,neutral
10,enjoy pace film,neutral
11,one best movi,neutral
12,storylin weak perform decent,negative
13,storylin weak perform decent,negative
14,fantast direct brilliant cinematographi,positive
15,one best movi,neutral
16,one best movi,neutral
17,fantast direct brilliant cinematographi,positive
18,one best movi,neutral
19,fantast direct brilliant cinematographi,positive
20,enjoy pace film,neutral
21,fantast direct brilliant cinematographi,positive
22,enjoy pace film,neutral
23,fantast direct brilliant cinematographi,positive
24,fantast direct brilliant cinematographi,positive
25,storylin weak perform decent,negative
26,one best movi,neutral
27,enjoy pace film,neutral
28,enjoy pace film,neutral
29,movi absolut amaz visual stun,neutral
30,movi absolut amaz visual stun,neutral
31,enjoy pace film,neutral
32,enjoy pace film,neutral
33,movi absolut amaz visual stun,neutral
34,fantast direct brilliant cinematographi,positive
35,enjoy pace film,neutral
36,storylin weak perform decent,negative
37,fantast direct brilliant cinematographi,positive
38,storylin weak perform decent,negative
39,storylin weak perform decent,negative
40,enjoy pace film,neutral
41,storylin weak perform decent,negative
42,storylin weak perform decent,negative
43,one best movi,neutral
44,one best movi,neutral
45,one best movi,neutral
46,movi absolut amaz visual stun,neutral
47,storylin weak perform decent,negative
48,movi absolut amaz visual stun,neutral
49,one best movi,neutral
50,enjoy pace film,neutral
51,enjoy pace film,neutral
52,movi absolut amaz visual stun,neutral
53,fantast direct brilliant cinematographi,positive
54,movi absolut amaz visual stun,neutral
55,fantast direct brilliant cinematographi,positive
56,fantast direct brilliant cinematographi,positive
57,enjoy pace film,neutral
58,fantast direct brilliant cinematographi,positive
59,fantast direct brilliant cinematographi,positive
60,fantast direct brilliant cinematographi,positive
61,storylin weak perform decent,negative
62,one best movi,neutral
63,enjoy pace film,neutral
64,storylin weak perform decent,negative
65,movi absolut amaz visual stun,neutral
66,fantast direct brilliant cinematographi,positive
67,one best movi,neutral
68,one best movi,neutral
69,fantast direct brilliant cinematographi,positive
70,one best movi,neutral
71,storylin weak perform decent,negative
72,fantast direct brilliant cinematographi,positive
73,one best movi,neutral
74,enjoy pace film,neutral
75,one best movi,neutral
76,fantast direct brilliant cinematographi,positive
77,movi absolut amaz visual stun,neutral
78,fantast direct brilliant cinematographi,positive
79,enjoy pace film,neutral
80,fantast direct brilliant cinematographi,positive
81,fantast direct brilliant cinematographi,positive
82,enjoy pace film,neutral
83,enjoy pace film,neutral
84,movi absolut amaz visual stun,neutral
85,movi absolut amaz visual stun,neutral
86,one best movi,neutral
87,fantast direct brilliant cinematographi,positive
88,fantast direct brilliant cinematographi,positive
89,enjoy pace film,neutral
90,storylin weak perform decent,negative
91,fantast direct brilliant cinematographi,positive
92,one best movi,neutral
93,movi absolut amaz visual stun,neutral
94,storylin weak perform decent,negative
95,fantast direct brilliant cinematographi,positive
96,enjoy pace film,neutral
97,one best movi,neutral
98,storylin weak perform decent,negative
99,enjoy pace film,neutral
100,one best movi,neutral
101,storylin weak perform decent,negative
102,fantast direct brilliant cinematographi,positive
103,enjoy pace film,neutral
104,storylin weak perform decent,negative
105,movi absolut amaz visual stun,neutral
106,enjoy pace film,neutral
107,one best movi,neutral
108,storylin weak perform decent,negative
109,movi absolut amaz visual stun,neutral
110,fantast direct brilliant cinematographi,positive
111,fantast direct brilliant cinematographi,positive
112,storylin weak perform decent,negative
113,enjoy pace film,neutral
114,movi absolut amaz visual stun,neutral
115,one best movi,neutral
116,storylin weak perform decent,negative
117,storylin weak perform decent,negative
118,enjoy pace film,neutral
119,storylin weak perform decent,negative
120,movi absolut amaz visual stun,neutral
121,fantast direct brilliant cinematographi,positive
122,fantast direct brilliant cinematographi,positive
123,storylin weak perform decent,negative
124,movi absolut amaz visual stun,neutral
125,one best movi,neutral
126,one best movi,neutral
127,storylin weak perform decent,negative
128,storylin weak perform decent,negative
129,enjoy pace film,neutral
130,movi absolut amaz visual stun,neutral
131,one best movi,neutral
132,storylin weak perform decent,negative
133,storylin weak perform decent,negative
134,one best movi,neutral
135,storylin weak perform decent,negative
136,enjoy pace film,neutral
137,enjoy pace film,neutral
138,enjoy pace film,neutral
139,movi absolut amaz visual stun,neutral
140,fantast direct brilliant cinematographi,positive
141,enjoy pace film,neutral
142,storylin weak perform decent,negative
143,movi absolut amaz visual stun,neutral
144,fantast direct brilliant cinematographi,positive
145,fantast direct brilliant cinematographi,positive
146,storylin weak perform decent,negative
147,one best movi,neutral
148,fantast direct brilliant cinematographi,positive
149,one best movi,neutral
150,one best movi,neutral
151,enjoy pace film,neutral
152,enjoy pace film,neutral
153,fantast direct brilliant cinematographi,positive
154,fantast direct brilliant cinematographi,positive
155,movi absolut amaz visual stun,neutral
156,one best movi,neutral
157,enjoy pace film,neutral
158,fantast direct brilliant cinematographi,positive
159,storylin weak perform decent,negative
160,movi absolut amaz visual stun,neutral
161,one best movi,neutral
162,storylin weak perform decent,negative
163,fantast direct brilliant cinematographi,positive
164,one best movi,neutral
165,enjoy pace film,neutral
166,fantast direct brilliant cinematographi,positive
167,one best movi,neutral
168,movi absolut amaz visual stun,neutral
169,movi absolut amaz visual stun,neutral
170,enjoy pace film,neutral
171,enjoy pace film,neutral
172,movi absolut amaz visual stun,neutral
173,fantast direct brilliant cinematographi,positive
174,one best movi,neutral
175,storylin weak perform decent,negative
176,fantast direct brilliant cinematographi,positive
177,one best movi,neutral
178,one best movi,neutral
179,enjoy pace film,neutral
180,enjoy pace film,neutral
181,enjoy pace film,neutral
182,one best movi,neutral
183,movi absolut amaz visual stun,neutral
184,one best movi,neutral
185,one best movi,neutral
186,movi absolut amaz visual stun,neutral
187,movi absolut amaz visual stun,neutral
188,movi absolut amaz visual stun,neutral
189,storylin weak perform decent,negative
190,enjoy pace film,neutral
191,movi absolut amaz visual stun,neutral
192,fantast direct brilliant cinematographi,positive
193,fantast direct brilliant cinematographi,positive
194,movi absolut amaz visual stun,neutral
195,one best movi,neutral
196,storylin weak perform decent,negative
197,movi absolut amaz visual stun,neutral
198,movi absolut amaz visual stun,neutral
199,movi absolut amaz visual stun,neutral
200,storylin weak perform decent,negative
201,fantast direct brilliant cinematographi,positive
202,fantast direct brilliant cinematographi,positive
203,one best movi,neutral
204,storylin weak perform decent,negative
205,one best movi,neutral
206,enjoy pace film,neutral
207,fantast direct brilliant cinematographi,positive
208,one best movi,neutral
209,one best movi,neutral
210,enjoy pace film,neutral
211,enjoy pace film,neutral
212,fantast direct brilliant cinematographi,positive
213,enjoy pace film,neutral
214,enjoy pace film,neutral
215,storylin weak perform decent,negative
216,movi absolut amaz visual stun,neutral
217,one best movi,neutral
218,one best movi,neutral
219,movi absolut amaz visual stun,neutral
220,fantast direct brilliant cinematographi,positive
221,movi absolut amaz visual stun,neutral
222,movi absolut amaz visual stun,neutral
223,storylin weak perform decent,negative
224,one best movi,neutral
225,fantast direct brilliant cinematographi,positive
226,fantast direct brilliant cinematographi,positive
227,movi absolut amaz visual stun,neutral
228,one best movi,neutral
229,movi absolut amaz visual stun,neutral
230,one best movi,neutral
231,storylin weak perform decent,negative
232,storylin weak perform decent,negative
233,storylin weak perform decent,negative
234,movi absolut amaz visual stun,neutral
235,enjoy pace film,neutral
236,storylin weak perform decent,negative
237,storylin weak perform decent,negative
238,enjoy pace film,neutral
239,one best movi,neutral
240,storylin weak perform decent,negative
241,movi absolut amaz visual stun,neutral
242,fantast direct brilliant cinematographi,positive
243,enjoy pace film,neutral
244,fantast direct brilliant cinematographi,positive
245,one best movi,neutral
246,fantast direct brilliant cinematographi,positive
247,fantast direct brilliant cinematographi,positive
248,movi absolut amaz visual stun,neutral
249,enjoy pace film,neutral
250,storylin weak perform decent,negative
251,storylin weak perform decent,negative
252,one best movi,neutral
253,enjoy pace film,neutral
254,movi absolut amaz visual stun,neutral
255,fantast direct brilliant cinematographi,positive
256,storylin weak perform decent,negative
257,enjoy pace film,neutral
258,enjoy pace film,neutral
259,storylin weak perform decent,negative
260,movi absolut amaz visual stun,neutral
261,fantast direct brilliant cinematographi,positive
262,movi absolut amaz visual stun,neutral
263,fantast direct brilliant cinematographi,positive
264,fantast direct brilliant cinematographi,positive
265,movi absolut amaz visual stun,neutral
266,enjoy pace film,neutral
267,one best movi,neutral
268,enjoy pace film,neutral
269,fantast direct brilliant cinematographi,positive
270,fantast direct brilliant cinematographi,positive
271,storylin weak perform decent,negative
272,enjoy pace film,neutral
273,enjoy pace film,neutral
274,movi absolut amaz visual stun,neutral
275,one best movi,neutral
276,movi absolut amaz visual stun,neutral
277,fantast direct brilliant cinematographi,positive
278,storylin weak perform decent,negative
279,movi absolut amaz visual stun,neutral
280,fantast direct brilliant cinematographi,positive
281,one best movi,neutral
282,storylin weak perform decent,negative
283,enjoy pace film,neutral
284,fantast direct brilliant cinematographi,positive
285,one best movi,neutral
286,storylin weak perform decent,negative
287,storylin weak perform decent,negative
288,enjoy pace film,neutral
289,enjoy pace film,neutral
290,fantast direct brilliant cinematographi,positive
291,enjoy pace film,neutral
292,enjoy pace film,neutral
293,movi absolut amaz visual stun,neutral
294,storylin weak perform decent,negative
295,fantast direct brilliant cinematographi,positive
296,storylin weak perform decent,negative
297,movi absolut amaz visual stun,neutral
298,enjoy pace film,neutral
299,fantast direct brilliant cinematographi,positive
300,fantast direct brilliant cinematographi,positive
301,fantast direct brilliant cinematographi,positive
302,one best movi,neutral
303,fantast direct brilliant cinematographi,positive
304,storylin weak perform decent,negative
305,movi absolut amaz visual stun,neutral
306,storylin weak perform decent,negative
307,one best movi,neutral
308,storylin weak perform decent,negative
309,storylin weak perform decent,negative
310,movi absolut amaz visual stun,neutral
311,one best movi,neutral
312,fantast direct brilliant cinematographi,positive
313,movi absolut amaz visual stun,neutral
314,one best movi,neutral
315,enjoy pace film,neutral
316,one best movi,neutral
317,fantast direct brilliant cinematographi,positive
318,storylin weak perform decent,negative
319,movi absolut amaz visual stun,neutral
320,one best movi,neutral
321,movi absolut amaz visual stun,neutral
322,one best movi,neutral
323,enjoy pace film,neutral
324,one best movi,neutral
325,fantast direct brilliant cinematographi,positive
326,fantast direct brilliant cinematographi,positive
327,movi absolut amaz visual stun,neutral
328,storylin weak perform decent,negative
329,storylin weak perform decent,negative
330,movi absolut amaz visual stun,neutral
331,storylin weak perform decent,negative
332,movi absolut amaz visual stun,neutral
333,one best movi,neutral
334,enjoy pace film,neutral
335,movi absolut amaz visual stun,neutral
336,movi absolut amaz visual stun,neutral
337,storylin weak perform decent,negative
338,enjoy pace film,neutral
339,movi absolut amaz visual stun,neutral
340,movi absolut amaz visual stun,neutral
341,enjoy pace film,neutral
342,movi absolut amaz visual stun,neutral
343,enjoy pace film,neutral
344,one best movi,neutral
345,one best movi,neutral
346,one best movi,neutral
347,fantast direct brilliant cinematographi,positive
348,fantast direct brilliant cinematographi,positive
349,enjoy pace film,neutral
350,enjoy pace film,neutral
351,movi absolut amaz visual stun,neutral
352,one best movi,neutral
353,one best movi,neutral
354,one best movi,neutral
355,fantast direct brilliant cinematographi,positive
356,one best movi,neutral
357,movi absolut amaz visual stun,neutral
358,storylin weak perform decent,negative
359,storylin weak perform decent,negative
360,storylin weak perform decent,negative
361,one best movi,neutral
362,storylin weak perform decent,negative
363,enjoy pace film,neutral
364,enjoy pace film,neutral
365,fantast direct brilliant cinematographi,positive
366,one best movi,neutral
367,enjoy pace film,neutral
368,storylin weak perform decent,negative
369,fantast direct brilliant cinematographi,positive
370,enjoy pace film,neutral
371,storylin weak perform decent,negative
372,storylin weak perform decent,negative
373,fantast direct brilliant cinematographi,positive
374,storylin weak perform decent,negative
375,enjoy pace film,neutral
376,fantast direct brilliant cinematographi,positive
377,enjoy pace film,neutral
378,storylin weak perform decent,negative
379,movi absolut amaz visual stun,neutral
380,movi absolut amaz visual stun,neutral
381,fantast direct brilliant cinematographi,positive
382,movi absolut amaz visual stun,neutral
383,storylin weak perform decent,negative
384,storylin weak perform decent,negative
385,fantast direct brilliant cinematographi,positive
386,fantast direct brilliant cinematographi,positive
387,fantast direct brilliant cinematographi,positive
388,movi absolut amaz visual stun,neutral
389,fantast direct brilliant cinematographi,positive
390,enjoy pace film,neutral
391,movi absolut amaz visual stun,neutral
392,enjoy pace film,neutral
393,enjoy pace film,neutral
394,one best movi,neutral
395,one best movi,neutral
396,storylin weak perform decent,negative
397,one best movi,neutral
398,enjoy pace film,neutral
399,one best movi,neutral
400,storylin weak perform decent,negative
401,fantast direct brilliant cinematographi,positive
402,storylin weak perform decent,negative
403,fantast direct brilliant cinematographi,positive
404,enjoy pace film,neutral
405,storylin weak perform decent,negative
406,movi absolut amaz visual stun,neutral
407,movi absolut amaz visual stun,neutral
408,movi absolut amaz visual stun,neutral
409,enjoy pace film,neutral
410,one best movi,neutral
411,movi absolut amaz visual stun,neutral
412,enjoy pace film,neutral
413,fantast direct brilliant cinematographi,positive
414,movi absolut amaz visual stun,neutral
415,enjoy pace film,neutral
416,fantast direct brilliant cinematographi,positive
417,fantast direct brilliant cinematographi,positive
418,movi absolut amaz visual stun,neutral
419,storylin weak perform decent,negative
420,enjoy pace film,neutral
421,movi absolut amaz visual stun,neutral
422,enjoy pace film,neutral
423,fantast direct brilliant cinematographi,positive
424,enjoy pace film,neutral
425,movi absolut amaz visual stun,neutral
426,fantast direct brilliant cinematographi,positive
427,movi absolut amaz visual stun,neutral
428,storylin weak perform decent,negative
429,movi absolut amaz visual stun,neutral
430,enjoy pace film,neutral
431,enjoy pace film,neutral
432,one best movi,neutral
433,enjoy pace film,neutral
434,movi absolut amaz visual stun,neutral
435,one best movi,neutral
436,storylin weak perform decent,negative
437,enjoy pace film,neutral
438,enjoy pace film,neutral
439,storylin weak perform decent,negative
440,enjoy pace film,neutral
441,storylin weak perform decent,negative
442,movi absolut amaz visual stun,neutral
443,movi absolut amaz visual stun,neutral
444,one best movi,neutral
445,movi absolut amaz visual stun,neutral
446,movi absolut amaz visual stun,neutral
447,enjoy pace film,neutral
448,one best movi,neutral
449,fantast direct brilliant cinematographi,positive
450,storylin weak perform decent,negative
451,storylin weak perform decent,negative
452,movi absolut amaz visual stun,neutral
453,storylin weak perform decent,negative
454,fantast direct brilliant cinematographi,positive
455,storylin weak perform decent,negative
456,fantast direct brilliant cinematographi,positive
457,storylin weak perform decent,negative
458,fantast direct brilliant cinematographi,positive
459,one best movi,neutral
460,enjoy pace film,neutral
461,fantast direct brilliant cinematographi,positive
462,storylin weak perform decent,negative
463,storylin weak perform decent,negative
464,one best movi,neutral
465,fantast direct brilliant cinematographi,positive
466,movi absolut amaz visual stun,neutral
467,fantast direct brilliant cinematographi,positive
468,movi absolut amaz visual stun,neutral
469,one best movi,neutral
470,one best movi,neutral
471,fantast direct brilliant cinematographi,positive
472,enjoy pace film,neutral
473,movi absolut amaz visual stun,neutral
474,fantast direct brilliant cinematographi,positive
475,movi absolut amaz visual stun,neutral
476,enjoy pace film,neutral
477,movi absolut amaz visual stun,neutral
478,fantast direct brilliant cinematographi,positive
479,movi absolut amaz visual stun,neutral
480,fantast direct brilliant cinematographi,positive
481,enjoy pace film,neutral
482,one best movi,neutral
483,movi absolut amaz visual stun,neutral
484,movi absolut amaz visual stun,neutral
485,storylin weak perform decent,negative
486,movi absolut amaz visual stun,neutral
487,movi absolut amaz visual stun,neutral
488,one best movi,neutral
489,fantast direct brilliant cinematographi,positive
490,fantast direct brilliant cinematographi,positive
491,enjoy pace film,neutral
492,fantast direct brilliant cinematographi,positive
493,one best movi,neutral
494,enjoy pace film,neutral
495,movi absolut amaz visual stun,neutral
496,enjoy pace film,neutral
497,movi absolut amaz visual stun,neutral
498,fantast direct brilliant cinematographi,positive
499,fantast direct brilliant cinematographi,positive
500,storylin weak perform decent,negative
501,enjoy pace film,neutral
502,storylin weak perform decent,negative
503,one best movi,neutral
504,fantast direct brilliant cinematographi,positive
505,one best movi,neutral
506,movi absolut amaz visual stun,neutral
507,storylin weak perform decent,negative
508,one best movi,neutral
509,fantast direct brilliant cinematographi,positive
510,enjoy pace film,neutral
511,one best movi,neutral
512,storylin weak perform decent,negative
513,movi absolut amaz visual stun,neutral
514,movi absolut amaz visual stun,neutral
515,movi absolut amaz visual stun,neutral
516,enjoy pace film,neutral
517,enjoy pace film,neutral
518,fantast direct brilliant cinematographi,positive
519,one best movi,neutral
520,enjoy pace film,neutral
521,fantast direct brilliant cinematographi,positive
522,enjoy pace film,neutral
523,movi absolut amaz visual stun,neutral
524,one best movi,neutral
525,fantast direct brilliant cinematographi,positive
526,storylin weak perform decent,negative
527,storylin weak perform decent,negative
528,fantast direct brilliant cinematographi,positive
529,one best movi,neutral
530,fantast direct brilliant cinematographi,positive
531,movi absolut amaz visual stun,neutral
532,fantast direct brilliant cinematographi,positive
533,storylin weak perform decent,negative
534,storylin weak perform decent,negative
535,storylin weak perform decent,negative
536,storylin weak perform decent,negative
537,one best movi,neutral
538,fantast direct brilliant cinematographi,positive
539,fantast direct brilliant cinematographi,positive
540,movi absolut amaz visual stun,neutral
541,enjoy pace film,neutral
542,storylin weak perform decent,negative
543,storylin weak perform decent,negative
544,enjoy pace film,neutral
545,movi absolut amaz visual stun,neutral
546,one best movi,neutral
547,enjoy pace film,neutral
548,fantast direct brilliant cinematographi,positive
549,one best movi,neutral
550,one best movi,neutral
551,one best movi,neutral
552,fantast direct brilliant cinematographi,positive
553,movi absolut amaz visual stun,neutral
554,one best movi,neutral
555,storylin weak perform decent,negative
556,enjoy pace film,neutral
557,one best movi,neutral
558,storylin weak perform decent,negative
559,storylin weak perform decent,negative
560,storylin weak perform decent,negative
561,one best movi,neutral
562,storylin weak perform decent,negative
563,fantast direct brilliant cinematographi,positive
564,fantast direct brilliant cinematographi,positive
565,enjoy pace film,neutral
566,one best movi,neutral
567,movi absolut amaz visual stun,neutral
568,enjoy pace film,neutral
569,fantast direct brilliant cinematographi,positive
570,storylin weak perform decent,negative
571,enjoy pace film,neutral
572,one best movi,neutral
573,enjoy pace film,neutral
574,one best movi,neutral
575,storylin weak perform decent,negative
576,one best movi,neutral
577,movi absolut amaz visual stun,neutral
578,movi absolut amaz visual stun,neutral
579,storylin weak perform decent,negative
580,one best movi,neutral
581,movi absolut amaz visual stun,neutral
582,storylin weak perform decent,negative
583,enjoy pace film,neutral
584,storylin weak perform decent,negative
585,fantast direct brilliant cinematographi,positive
586,enjoy pace film,neutral
587,enjoy pace film,neutral
588,enjoy pace film,neutral
589,enjoy pace film,neutral
590,enjoy pace film,neutral
591,one best movi,neutral
592,movi absolut amaz visual stun,neutral
593,enjoy pace film,neutral
594,one best movi,neutral
595,movi absolut amaz visual stun,neutral
596,storylin weak perform decent,negative
597,storylin weak perform decent,negative
598,enjoy pace film,neutral
599,movi absolut amaz visual stun,neutral
600,enjoy pace film,neutral
601,movi absolut amaz visual stun,neutral
602,enjoy pace film,neutral
603,one best movi,neutral
604,one best movi,neutral
605,movi absolut amaz visual stun,neutral
606,enjoy pace film,neutral
607,one best movi,neutral
608,enjoy pace film,neutral
609,fantast direct brilliant cinematographi,positive
610,fantast direct brilliant cinematographi,positive
611,enjoy pace film,neutral
612,enjoy pace film,neutral
613,storylin weak perform decent,negative
614,storylin weak perform decent,negative
615,storylin weak perform decent,negative
616,movi absolut amaz visual stun,neutral
617,fantast direct brilliant cinematographi,positive
618,movi absolut amaz visual stun,neutral
619,fantast direct brilliant cinematographi,positive
620,storylin weak perform decent,negative
621,enjoy pace film,neutral
622,movi absolut amaz visual stun,neutral
623,one best movi,neutral
624,storylin weak perform decent,negative
625,enjoy pace film,neutral
626,one best movi,neutral
627,fantast direct brilliant cinematographi,positive
628,enjoy pace film,neutral
629,enjoy pace film,neutral
630,enjoy pace film,neutral
631,one best movi,neutral
632,fantast direct brilliant cinematographi,positive
633,enjoy pace film,neutral
634,one best movi,neutral
635,storylin weak perform decent,negative
636,storylin weak perform decent,negative
637,storylin weak perform decent,negative
638,fantast direct brilliant cinematographi,positive
639,one best movi,neutral
640,enjoy pace film,neutral
641,one best movi,neutral
642,one best movi,neutral
643,movi absolut amaz visual stun,neutral
644,fantast direct brilliant cinematographi,positive
645,movi absolut amaz visual stun,neutral
646,enjoy pace film,neutral
647,enjoy pace film,neutral
648,fantast direct brilliant cinematographi,positive
649,enjoy pace film,neutral
650,one best movi,neutral
651,enjoy pace film,neutral
652,movi absolut amaz visual stun,neutral
653,movi absolut amaz visual stun,neutral
654,one best movi,neutral
655,storylin weak perform decent,negative
656,fantast direct brilliant cinematographi,positive
657,movi absolut amaz visual stun,neutral
658,movi absolut amaz visual stun,neutral
659,fantast direct brilliant cinematographi,positive
660,movi absolut amaz visual stun,neutral
661,enjoy pace film,neutral
662,storylin weak perform decent,negative
663,one best movi,neutral
664,fantast direct brilliant cinematographi,positive
665,movi absolut amaz visual stun,neutral
666,fantast direct brilliant cinematographi,positive
667,one best movi,neutral
668,movi absolut amaz visual stun,neutral
669,movi absolut amaz visual stun,neutral
670,storylin weak perform decent,negative
671,one best movi,neutral
672,storylin weak perform decent,negative
673,movi absolut amaz visual stun,neutral
674,movi absolut amaz visual stun,neutral
675,storylin weak perform decent,negative
676,one best movi,neutral
677,enjoy pace film,neutral
678,movi absolut amaz visual stun,neutral
679,storylin weak perform decent,negative
680,storylin weak perform decent,negative
681,one best movi,neutral
682,movi absolut amaz visual stun,neutral
683,movi absolut amaz visual stun,neutral
684,movi absolut amaz visual stun,neutral
685,one best movi,neutral
686,fantast direct brilliant cinematographi,positive
687,storylin weak perform decent,negative
688,fantast direct brilliant cinematographi,positive
689,enjoy pace film,neutral
690,enjoy pace film,neutral
691,enjoy pace film,neutral
692,fantast direct brilliant cinematographi,positive
693,storylin weak perform decent,negative
694,movi absolut amaz visual stun,neutral
695,movi absolut amaz visual stun,neutral
696,enjoy pace film,neutral
697,movi absolut amaz visual stun,neutral
698,storylin weak perform decent,negative
699,movi absolut amaz visual stun,neutral
700,one best movi,neutral
701,one best movi,neutral
702,movi absolut amaz visual stun,neutral
703,fantast direct brilliant cinematographi,positive
704,fantast direct brilliant cinematographi,positive
705,movi absolut amaz visual stun,neutral
706,one best movi,neutral
707,fantast direct brilliant cinematographi,positive
708,storylin weak perform decent,negative
709,storylin weak perform decent,negative
710,one best movi,neutral
711,storylin weak perform decent,negative
712,enjoy pace film,neutral
713,movi absolut amaz visual stun,neutral
714,storylin weak perform decent,negative
715,one best movi,neutral
716,storylin weak perform decent,negative
717,movi absolut amaz visual stun,neutral
718,enjoy pace film,neutral
719,one best movi,neutral
720,enjoy pace film,neutral
721,enjoy pace film,neutral
722,fantast direct brilliant cinematographi,positive
723,movi absolut amaz visual stun,neutral
724,storylin weak perform decent,negative
725,movi absolut amaz visual stun,neutral
726,movi absolut amaz visual stun,neutral
727,fantast direct brilliant cinematographi,positive
728,storylin weak perform decent,negative
729,storylin weak perform decent,negative
730,one best movi,neutral
731,movi absolut amaz visual stun,neutral
732,storylin weak perform decent,negative
733,storylin weak perform decent,negative
734,enjoy pace film,neutral
735,movi absolut amaz visual stun,neutral
736,storylin weak perform decent,negative
737,enjoy pace film,neutral
738,enjoy pace film,neutral
739,enjoy pace film,neutral
740,one best movi,neutral
741,storylin weak perform decent,negative
742,enjoy pace film,neutral
743,storylin weak perform decent,negative
744,one best movi,neutral
745,enjoy pace film,neutral
746,one best movi,neutral
747,movi absolut amaz visual stun,neutral
748,fantast direct brilliant cinematographi,positive
749,movi absolut amaz visual stun,neutral
750,fantast direct brilliant cinematographi,positive
751,one best movi,neutral
752,enjoy pace film,neutral
753,storylin weak perform decent,negative
754,one best movi,neutral
755,fantast direct brilliant cinematographi,positive
756,one best movi,neutral
757,enjoy pace film,neutral
758,fantast direct brilliant cinematographi,positive
759,enjoy pace film,neutral
760,storylin weak perform decent,negative
761,storylin weak perform decent,negative
762,movi absolut amaz visual stun,neutral
763,movi absolut amaz visual stun,neutral
764,storylin weak perform decent,negative
765,storylin weak perform decent,negative
766,movi absolut amaz visual stun,neutral
767,storylin weak perform decent,negative
768,enjoy pace film,neutral
769,enjoy pace film,neutral
770,fantast direct brilliant cinematographi,positive
771,one best movi,neutral
772,movi absolut amaz visual stun,neutral
773,fantast direct brilliant cinematographi,positive
774,enjoy pace film,neutral
775,enjoy pace film,neutral
776,movi absolut amaz visual stun,neutral
777,enjoy pace film,neutral
778,storylin weak perform decent,negative
779,enjoy pace film,neutral
780,movi absolut amaz visual stun,neutral
781,movi absolut amaz visual stun,neutral
782,enjoy pace film,neutral
783,one best movi,neutral
784,one best movi,neutral
785,one best movi,neutral
786,one best movi,neutral
787,enjoy pace film,neutral
788,storylin weak perform decent,negative
789,movi absolut amaz visual stun,neutral
790,one best movi,neutral
791,movi absolut amaz visual stun,neutral
792,fantast direct brilliant cinematographi,positive
793,enjoy pace film,neutral
794,storylin weak perform decent,negative
795,storylin weak perform decent,negative
796,enjoy pace film,neutral
797,enjoy pace film,neutral
798,one best movi,neutral
799,storylin weak perform decent,negative
800,movi absolut amaz visual stun,neutral
801,storylin weak perform decent,negative
802,fantast direct brilliant cinematographi,positive
803,movi absolut amaz visual stun,neutral
804,enjoy pace film,neutral
805,fantast direct brilliant cinematographi,positive
806,enjoy pace film,neutral
807,storylin weak perform decent,negative
808,one best movi,neutral
809,movi absolut amaz visual stun,neutral
810,movi absolut amaz visual stun,neutral
811,storylin weak perform decent,negative
812,storylin weak perform decent,negative
813,storylin weak perform decent,negative
814,fantast direct brilliant cinematographi,positive
815,fantast direct brilliant cinematographi,positive
816,movi absolut amaz visual stun,neutral
817,fantast direct brilliant cinematographi,positive
818,enjoy pace film,neutral
819,enjoy pace film,neutral
820,one best movi,neutral
821,one best movi,neutral
822,fantast direct brilliant cinematographi,positive
823,movi absolut amaz visual stun,neutral
824,fantast direct brilliant cinematographi,positive
825,fantast direct brilliant cinematographi,positive
826,fantast direct brilliant cinematographi,positive
827,one best movi,neutral
828,fantast direct brilliant cinematographi,positive
829,one best movi,neutral
830,storylin weak perform decent,negative
831,storylin weak perform decent,negative
832,enjoy pace film,neutral
833,storylin weak perform decent,negative
834,one best movi,neutral
835,enjoy pace film,neutral
836,one best movi,neutral
837,storylin weak perform decent,negative
838,enjoy pace film,neutral
839,fantast direct brilliant cinematographi,positive
840,movi absolut amaz visual stun,neutral
841,fantast direct brilliant cinematographi,positive
842,one best movi,neutral
843,movi absolut amaz visual stun,neutral
844,storylin weak perform decent,negative
845,movi absolut amaz visual stun,neutral
846,one best movi,neutral
847,fantast direct brilliant cinematographi,positive
848,storylin weak perform decent,negative
849,one best movi,neutral
850,fantast direct brilliant cinematographi,positive
851,storylin weak perform decent,negative
852,movi absolut amaz visual stun,neutral
853,storylin weak perform decent,negative
854,enjoy pace film,neutral
855,storylin weak perform decent,negative
856,storylin weak perform decent,negative
857,movi absolut amaz visual stun,neutral
858,movi absolut amaz visual stun,neutral
859,fantast direct brilliant cinematographi,positive
860,enjoy pace film,neutral
861,enjoy pace film,neutral
862,one best movi,neutral
863,enjoy pace film,neutral
864,storylin weak perform decent,negative
865,enjoy pace film,neutral
866,fantast direct brilliant cinematographi,positive
867,movi absolut amaz visual stun,neutral
868,storylin weak perform decent,negative
869,enjoy pace film,neutral
870,fantast direct brilliant cinematographi,positive
871,movi absolut amaz visual stun,neutral
872,one best movi,neutral
873,one best movi,neutral
874,fantast direct brilliant cinematographi,positive
875,enjoy pace film,neutral
876,fantast direct brilliant cinematographi,positive
877,storylin weak perform decent,negative
878,one best movi,neutral
879,one best movi,neutral
880,fantast direct brilliant cinematographi,positive
881,enjoy pace film,neutral
882,one best movi,neutral
883,enjoy pace film,neutral
884,fantast direct brilliant cinematographi,positive
885,storylin weak perform decent,negative
886,fantast direct brilliant cinematographi,positive
887,fantast direct brilliant cinematographi,positive
888,movi absolut amaz visual stun,neutral
889,one best movi,neutral
890,fantast direct brilliant cinematographi,positive
891,fantast direct brilliant cinematographi,positive
892,storylin weak perform decent,negative
893,storylin weak perform decent,negative
894,storylin weak perform decent,negative
895,fantast direct brilliant cinematographi,positive
896,storylin weak perform decent,negative
897,storylin weak perform decent,negative
898,storylin weak perform decent,negative
899,fantast direct brilliant cinematographi,positive
900,enjoy pace film,neutral
901,fantast direct brilliant cinematographi,positive
902,movi absolut amaz visual stun,neutral
903,one best movi,neutral
904,fantast direct brilliant cinematographi,positive
905,storylin weak perform decent,negative
906,fantast direct brilliant cinematographi,positive
907,one best movi,neutral
908,movi absolut amaz visual stun,neutral
909,storylin weak perform decent,negative
910,movi absolut amaz visual stun,neutral
911,storylin weak perform decent,negative
912,enjoy pace film,neutral
913,enjoy pace film,neutral
914,fantast direct brilliant cinematographi,positive
915,fantast direct brilliant cinematographi,positive
916,fantast direct brilliant cinematographi,positive
917,fantast direct brilliant cinematographi,positive
918,storylin weak perform decent,negative
919,movi absolut amaz visual stun,neutral
920,movi absolut amaz visual stun,neutral
921,enjoy pace film,neutral
922,movi absolut amaz visual stun,neutral
923,fantast direct brilliant cinematographi,positive
924,fantast direct brilliant cinematographi,positive
925,storylin weak perform decent,negative
926,one best movi,neutral
927,enjoy pace film,neutral
928,storylin weak perform decent,negative
929,storylin weak perform decent,negative
930,movi absolut amaz visual stun,neutral
931,fantast direct brilliant cinematographi,positive
932,storylin weak perform decent,negative
933,movi absolut amaz visual stun,neutral
934,fantast direct brilliant cinematographi,positive
935,enjoy pace film,neutral
936,movi absolut amaz visual stun,neutral
937,movi absolut amaz visual stun,neutral
938,one best movi,neutral
939,fantast direct brilliant cinematographi,positive
940,storylin weak perform decent,negative
941,movi absolut amaz visual stun,neutral
942,movi absolut amaz visual stun,neutral
943,movi absolut amaz visual stun,neutral
944,movi absolut amaz visual stun,neutral
945,storylin weak perform decent,negative
946,one best movi,neutral
947,fantast direct brilliant cinematographi,positive
948,enjoy pace film,neutral
949,fantast direct brilliant cinematographi,positive
950,one best movi,neutral
951,storylin weak perform decent,negative
952,one best movi,neutral
953,fantast direct brilliant cinematographi,positive
954,storylin weak perform decent,negative
955,enjoy pace film,neutral
956,one best movi,neutral
957,enjoy pace film,neutral
958,fantast direct brilliant cinematographi,positive
959,fantast direct brilliant cinematographi,positive
960,one best movi,neutral
961,one best movi,neutral
962,movi absolut amaz visual stun,neutral
963,storylin weak perform decent,negative
964,fantast direct brilliant cinematographi,positive
965,one best movi,neutral
966,fantast direct brilliant cinematographi,positive
967,fantast direct brilliant cinematographi,positive
968,storylin weak perform decent,negative
969,storylin weak perform decent,negative
970,one best movi,neutral
971,enjoy pace film,neutral
972,one best movi,neutral
973,movi absolut amaz visual stun,neutral
974,movi absolut amaz visual stun,neutral
975,enjoy pace film,neutral
976,one best movi,neutral
977,storylin weak perform decent,negative
978,movi absolut amaz visual stun,neutral
979,one best movi,neutral
980,fantast direct brilliant cinematographi,positive
981,enjoy pace film,neutral
982,fantast direct brilliant cinematographi,positive
983,one best movi,neutral
984,storylin weak perform decent,negative
985,enjoy pace film,neutral
986,storylin weak perform decent,negative
987,fantast direct brilliant cinematographi,positive
988,enjoy pace film,neutral
989,storylin weak perform decent,negative
990,fantast direct brilliant cinematographi,positive
991,enjoy pace film,neutral
992,one best movi,neutral
993,movi absolut amaz visual stun,neutral
994,one best movi,neutral
995,storylin weak perform decent,negative
996,movi absolut amaz visual stun,neutral
997,storylin weak perform decent,negative
998,enjoy pace film,neutral
999,enjoy pace film,neutral
1000,enjoy pace film,neutral
